{
  "loss": [
    18.500423431396484,
    10.074070930480957,
    25.047470092773438,
    70.78805541992188,
    3.1456284523010254,
    16.27641487121582,
    22.414752960205078,
    17.13187599182129,
    6.139504909515381,
    8.413545608520508,
    1.2968088388442993,
    11.39993667602539,
    1.1629811525344849,
    5.02591609954834,
    1.12955641746521,
    1.4986813068389893,
    2.6100285053253174,
    7.866119861602783,
    1.3752150535583496,
    1.5014556646347046,
    0.9218016862869263,
    0.7104625701904297,
    3.1590142250061035,
    3.0612990856170654,
    3.3634374141693115,
    1.1848620176315308,
    1.1446336507797241,
    1.3634977340698242,
    3.01979660987854,
    0.58859783411026,
    1.1916760206222534,
    1.0016438961029053,
    3.4335439205169678,
    0.5043681859970093,
    1.0591976642608643,
    1.3778611421585083,
    1.3657957315444946,
    2.1664986610412598,
    2.0536324977874756,
    3.8361849784851074,
    2.1955373287200928,
    0.6452649235725403,
    2.403289318084717,
    0.965376079082489,
    0.883719265460968,
    1.0404826402664185,
    3.0698041915893555,
    0.6521844267845154,
    1.8287001848220825
  ],
  "mae": [
    1.327319622039795,
    1.0284104347229004,
    1.2409014701843262,
    1.4320498704910278,
    0.6906576752662659,
    1.0749486684799194,
    1.1334105730056763,
    1.0229203701019287,
    0.7418332099914551,
    0.7816669344902039,
    0.5160467028617859,
    0.8216292858123779,
    0.5095632672309875,
    0.6231564879417419,
    0.4941679537296295,
    0.5238132476806641,
    0.5405433773994446,
    0.6658926010131836,
    0.5263294577598572,
    0.5326160192489624,
    0.4577558636665344,
    0.4238307476043701,
    0.6126600503921509,
    0.6351471543312073,
    0.6066176891326904,
    0.5007956027984619,
    0.5257911086082458,
    0.5316009521484375,
    0.5621525049209595,
    0.4212739169597626,
    0.5082983374595642,
    0.44905146956443787,
    0.6593479514122009,
    0.40476956963539124,
    0.4776049852371216,
    0.47793543338775635,
    0.5234187841415405,
    0.5542736053466797,
    0.5114607810974121,
    0.6412405371665955,
    0.5471910238265991,
    0.43343526124954224,
    0.5474192500114441,
    0.46140679717063904,
    0.43066611886024475,
    0.4838413894176483,
    0.6040012240409851,
    0.43555769324302673,
    0.5351030230522156
  ],
  "learning_rate": [
    0.0028211092576384544,
    0.0028211092576384544,
    0.0028211092576384544,
    0.0028211092576384544,
    0.0028211092576384544,
    0.0028211092576384544,
    0.0028211092576384544,
    0.0028211092576384544,
    0.0028211092576384544,
    0.0028211092576384544,
    0.0028211092576384544,
    0.0028211092576384544,
    0.0028211092576384544,
    0.0028211092576384544,
    0.0028211092576384544,
    0.0028211092576384544,
    0.0028211092576384544,
    0.0028211092576384544,
    0.0028211092576384544,
    0.0028211092576384544,
    0.0028211092576384544,
    0.0028211092576384544,
    0.0028211092576384544,
    0.0028211092576384544,
    0.0028211092576384544,
    0.0028211092576384544,
    0.0028211092576384544,
    0.0028211092576384544,
    0.0028211092576384544,
    0.0028211092576384544,
    0.0028211092576384544,
    0.0028211092576384544,
    0.0028211092576384544,
    0.0028211092576384544,
    0.0028211092576384544,
    0.0028211092576384544,
    0.0028211092576384544,
    0.0028211092576384544,
    0.0028211092576384544,
    0.0028211092576384544,
    0.0028211092576384544,
    0.0028211092576384544,
    0.0014105546288192272,
    0.0014105546288192272,
    0.0014105546288192272,
    0.0014105546288192272,
    0.0014105546288192272,
    0.0014105546288192272,
    0.0014105546288192272
  ]
}