{
  "loss": [
    10.082185745239258,
    1.2633278369903564,
    2.6710927486419678,
    42.7377815246582,
    7.645815849304199,
    4.731288909912109,
    22.484373092651367,
    21.146663665771484,
    6.927392959594727,
    5.770781517028809,
    3.26737642288208,
    10.662132263183594,
    1.8696523904800415,
    8.262404441833496,
    6.311788558959961,
    2.395186424255371,
    3.9447851181030273
  ],
  "mae": [
    1.0861684083938599,
    0.5790213942527771,
    0.6995860934257507,
    1.64314603805542,
    0.7965089678764343,
    0.6745073199272156,
    1.2221702337265015,
    1.054568886756897,
    0.7628474831581116,
    0.765231728553772,
    0.6780171394348145,
    0.8206366300582886,
    0.6022497415542603,
    0.7448530197143555,
    0.7646799683570862,
    0.5927449464797974,
    0.6383008360862732
  ],
  "learning_rate": [
    0.0028211092576384544,
    0.0028211092576384544,
    0.0028211092576384544,
    0.0028211092576384544,
    0.0028211092576384544,
    0.0028211092576384544,
    0.0028211092576384544,
    0.0028211092576384544,
    0.0028211092576384544,
    0.0028211092576384544,
    0.0014105546288192272,
    0.0014105546288192272,
    0.0014105546288192272,
    0.0014105546288192272,
    0.0014105546288192272,
    0.0014105546288192272,
    0.0014105546288192272
  ]
}