{
  "mse": 1.256462814050836,
  "rmse": 1.1209205208447368,
  "mae": 0.7308992269848903,
  "r2": 0.6265657849341197,
  "mape": 369.9791466820732,
  "erro_maximo": 2.6325809028914646,
  "media_residuos": 0.4465762056273184,
  "desvio_residuos": 1.028120861872933,
  "p_shapiro": 0.07236365896270429,
  "residuos_normais": true
}