{
  "mse": 2.4344467985604545,
  "rmse": 1.5602713861890996,
  "mae": 0.9561072887055332,
  "r2": 0.27645631914158164,
  "mape": 531.3451893441228,
  "erro_maximo": 4.206825878935166,
  "media_residuos": 0.331750201420184,
  "desvio_residuos": 1.5245945698506609,
  "p_shapiro": 0.0017992322596892861,
  "residuos_normais": false
}