{
  "hiperparametros_utilizados": {
    "otimizador": "adam",
    "taxa_aprendizado": 0.002821109346785365,
    "tamanho_lote": 16,
    "camadas": [
      [
        128,
        "leakyrelu",
        0.28221415209509226
      ],
      [
        256,
        "relu",
        0.1374385906580356
      ]
    ],
    "reg_l1": 4.8497904001971764e-05,
    "reg_l2": 0.00012448401445882366
  },
  "metricas_teste": {
    "mse": 1.256462814050836,
    "rmse": 1.1209205208447368,
    "mae": 0.7308992269848903,
    "r2": 0.6265657849341197,
    "mape": 369.9791466820732,
    "erro_maximo": 2.6325809028914646,
    "media_residuos": 0.4465762056273184,
    "desvio_residuos": 1.028120861872933,
    "p_shapiro": 0.07236365896270429,
    "residuos_normais": true
  },
  "nomes_caracteristicas": [
    "Density",
    "Pour_Point",
    "Wax",
    "Viscosity_20C",
    "Viscosity_50C"
  ],
  "info_conjunto_dados": {
    "total_amostras": 103,
    "amostras_treinamento": 93,
    "amostras_teste": 10,
    "num_caracteristicas": 5
  }
}