{
  "mse": 320.3003650540433,
  "rmse": 17.89693730932875,
  "mae": 13.244979173128183,
  "r2": 0.9777737538082414,
  "mape": 170.15286423374775,
  "erro_maximo": 46.495206615542145,
  "media_residuos": -1.8873483076764295,
  "desvio_residuos": 17.797142507142944,
  "p_shapiro": 0.009148254113097788,
  "residuos_normais": false
}