{
  "hiperparametros_utilizados": {
    "otimizador": "rmsprop",
    "taxa_aprendizado": 0.006816805963431236,
    "tamanho_lote": 32,
    "camadas": [
      [
        512,
        "tanh",
        0.23097950960028463
      ],
      [
        512,
        "relu",
        0.42916996858725887
      ]
    ],
    "reg_l1": 2.236474408206667e-06,
    "reg_l2": 1.8100436625872475e-06
  },
  "metricas_teste": {
    "mse": 320.3003650540433,
    "rmse": 17.89693730932875,
    "mae": 13.244979173128183,
    "r2": 0.9777737538082414,
    "mape": 170.15286423374775,
    "erro_maximo": 46.495206615542145,
    "media_residuos": -1.8873483076764295,
    "desvio_residuos": 17.797142507142944,
    "p_shapiro": 0.009148254113097788,
    "residuos_normais": false
  },
  "nomes_caracteristicas": [
    "Density",
    "Pour_Point",
    "Wax",
    "Asphaltene",
    "Viscosity_50C"
  ],
  "info_conjunto_dados": {
    "total_amostras": 103,
    "amostras_treinamento": 93,
    "amostras_teste": 10,
    "num_caracteristicas": 5
  }
}