{
  "loss": [
    56.129852294921875,
    2.1748642921447754,
    2.9766626358032227,
    1.0944948196411133,
    0.30155158042907715,
    0.17259521782398224,
    1.1417118310928345,
    0.3044237792491913,
    0.41259995102882385,
    0.30529800057411194,
    0.4520827531814575,
    0.5947559475898743,
    0.3185107409954071,
    0.35464349389076233,
    0.1548793464899063,
    0.22911323606967926,
    0.17663316428661346,
    0.27593469619750977,
    0.08959010243415833,
    0.07245150953531265,
    0.12558332085609436,
    0.08577179908752441,
    0.17514747381210327,
    0.07093295454978943,
    0.10281263291835785,
    0.05792061612010002,
    0.051648762077093124,
    0.0937928855419159,
    0.21616630256175995,
    0.27260684967041016,
    0.08199547976255417,
    0.040859006345272064,
    0.14968258142471313,
    0.10655201226472855,
    0.06406348198652267,
    0.07675626873970032,
    0.1617020070552826,
    0.06918174773454666,
    0.07953478395938873,
    0.657392144203186,
    0.18074293434619904,
    0.03367999196052551,
    0.05088818445801735,
    0.10816317796707153,
    0.035757072269916534,
    0.04449921101331711,
    0.01995581015944481,
    0.15229390561580658,
    0.03948119282722473,
    0.026300247758626938,
    0.05472777411341667,
    0.07601534575223923,
    0.3536888062953949,
    0.07984859496355057,
    0.077848419547081,
    0.06154192239046097,
    0.03336716070771217,
    0.15400487184524536,
    0.10567136108875275,
    0.011505816131830215,
    0.07635264098644257,
    0.015871496871113777,
    0.021607009693980217,
    0.019690152257680893,
    0.025766544044017792,
    0.03503967821598053,
    0.030985135585069656,
    0.014050119556486607,
    0.013221673667430878,
    0.05207381770014763,
    0.005753445439040661,
    0.12997682392597198,
    0.008860630914568901,
    0.02210073545575142,
    0.02853727526962757,
    0.036871593445539474,
    0.014062502421438694,
    0.06523162871599197,
    0.05082160234451294,
    0.025937514379620552,
    0.07426808774471283,
    0.020816460251808167,
    0.05776749551296234,
    0.021673036739230156,
    0.010097622871398926,
    0.041380077600479126
  ],
  "mae": [
    3.4315404891967773,
    0.8121805787086487,
    0.48460519313812256,
    0.3814687430858612,
    0.2971915006637573,
    0.25588735938072205,
    0.4499953091144562,
    0.3132805824279785,
    0.273674339056015,
    0.24851062893867493,
    0.27858850359916687,
    0.29998910427093506,
    0.31031090021133423,
    0.3067477345466614,
    0.23185065388679504,
    0.20610034465789795,
    0.1823013871908188,
    0.20535634458065033,
    0.16087606549263,
    0.15836003422737122,
    0.17236293852329254,
    0.1810830682516098,
    0.1572611927986145,
    0.17184120416641235,
    0.1519225686788559,
    0.13694970309734344,
    0.11775793880224228,
    0.1800965964794159,
    0.19588100910186768,
    0.21803241968154907,
    0.14540013670921326,
    0.11273588985204697,
    0.14859811961650848,
    0.15274226665496826,
    0.146095871925354,
    0.13282129168510437,
    0.18045923113822937,
    0.12045267224311829,
    0.12044110149145126,
    0.1941950023174286,
    0.13887131214141846,
    0.09408356249332428,
    0.10005638003349304,
    0.11690396070480347,
    0.08193214237689972,
    0.10171710699796677,
    0.08055097609758377,
    0.11862029135227203,
    0.08267690241336823,
    0.07363927364349365,
    0.09507051110267639,
    0.10496027022600174,
    0.15199987590312958,
    0.09018117934465408,
    0.10419954359531403,
    0.09101344645023346,
    0.07700211554765701,
    0.10651721060276031,
    0.08710886538028717,
    0.059933725744485855,
    0.08223191648721695,
    0.060995738953351974,
    0.0702570229768753,
    0.08121700584888458,
    0.07240918278694153,
    0.06639903783798218,
    0.07419838756322861,
    0.06669102609157562,
    0.062204159796237946,
    0.08626848459243774,
    0.047633908689022064,
    0.10984309762716293,
    0.05276130512356758,
    0.06750556081533432,
    0.06771984696388245,
    0.07614912837743759,
    0.056669507175683975,
    0.08734894543886185,
    0.07508988678455353,
    0.06359116733074188,
    0.07826649397611618,
    0.06330306828022003,
    0.08873218297958374,
    0.06411363929510117,
    0.054400019347667694,
    0.07147420197725296
  ],
  "learning_rate": [
    0.0068168058060109615,
    0.0068168058060109615,
    0.0068168058060109615,
    0.0068168058060109615,
    0.0068168058060109615,
    0.0068168058060109615,
    0.0068168058060109615,
    0.0068168058060109615,
    0.0068168058060109615,
    0.0068168058060109615,
    0.0068168058060109615,
    0.0068168058060109615,
    0.0068168058060109615,
    0.0068168058060109615,
    0.0034084029030054808,
    0.0034084029030054808,
    0.0034084029030054808,
    0.0034084029030054808,
    0.0034084029030054808,
    0.0034084029030054808,
    0.0034084029030054808,
    0.0034084029030054808,
    0.0034084029030054808,
    0.0034084029030054808,
    0.0034084029030054808,
    0.0034084029030054808,
    0.0034084029030054808,
    0.0034084029030054808,
    0.0034084029030054808,
    0.0034084029030054808,
    0.0034084029030054808,
    0.0034084029030054808,
    0.0034084029030054808,
    0.0034084029030054808,
    0.0034084029030054808,
    0.0034084029030054808,
    0.0034084029030054808,
    0.0034084029030054808,
    0.0034084029030054808,
    0.0034084029030054808,
    0.0017042014515027404,
    0.0017042014515027404,
    0.0017042014515027404,
    0.0017042014515027404,
    0.0017042014515027404,
    0.0017042014515027404,
    0.0017042014515027404,
    0.0017042014515027404,
    0.0017042014515027404,
    0.0017042014515027404,
    0.0017042014515027404,
    0.0017042014515027404,
    0.0017042014515027404,
    0.0017042014515027404,
    0.0017042014515027404,
    0.0008521007257513702,
    0.0008521007257513702,
    0.0008521007257513702,
    0.0008521007257513702,
    0.0008521007257513702,
    0.0008521007257513702,
    0.0008521007257513702,
    0.0008521007257513702,
    0.0008521007257513702,
    0.0008521007257513702,
    0.0008521007257513702,
    0.0008521007257513702,
    0.0008521007257513702,
    0.0004260503628756851,
    0.0004260503628756851,
    0.0004260503628756851,
    0.0004260503628756851,
    0.0004260503628756851,
    0.0004260503628756851,
    0.0004260503628756851,
    0.0004260503628756851,
    0.0004260503628756851,
    0.0004260503628756851,
    0.0004260503628756851,
    0.00021302518143784255,
    0.00021302518143784255,
    0.00021302518143784255,
    0.00021302518143784255,
    0.00021302518143784255,
    0.00021302518143784255,
    0.00021302518143784255
  ]
}