{
  "melhores_parametros": {
    "tamanho_lote": 8,
    "num_camadas": 3,
    "unidades_0": 128,
    "ativacao_0": "leaky_relu",
    "dropout_0": 0.26045578700945404,
    "batch_norm_0": true,
    "unidades_1": 512,
    "ativacao_1": "relu",
    "dropout_1": 0.2566098692808757,
    "batch_norm_1": true,
    "unidades_2": 256,
    "ativacao_2": "relu",
    "dropout_2": 0.2594589960940878,
    "batch_norm_2": true,
    "reg_l1": 1.3664046841825706e-05,
    "reg_l2": 0.0005492514348692152,
    "otimizador": "adam",
    "taxa_aprendizado": 0.06575532676469606
  },
  "melhor_pontuacao_validacao": 0.039710477995686236,
  "metricas_teste": {
    "mse": 281.12712607898624,
    "rmse": 16.766846038506653,
    "mae": 9.853821543727667,
    "r2": 0.1085921963377755,
    "mape": 235.22175923649309,
    "erro_maximo": 53.15328466563132,
    "media_residuos": 2.438266165947936,
    "desvio_residuos": 16.588610073872363,
    "p_shapiro": 2.8697249439211972e-06,
    "residuos_normais": 