{
  "melhores_parametros": {
    "tamanho_lote": 32,
    "num_camadas": 2,
    "unidades_0": 64,
    "ativacao_0": "leaky_relu",
    "dropout_0": 0.1170434889383446,
    "batch_norm_0": true,
    "unidades_1": 32,
    "ativacao_1": "relu",
    "dropout_1": 0.3912906794861852,
    "batch_norm_1": true,
    "reg_l1": 7.57472071885502e-06,
    "reg_l2": 1.9660467736409024e-05,
    "otimizador": "rmsprop",
    "taxa_aprendizado": 0.04316747384224007
  },
  "melhor_pontuacao_validacao": 0.006351238489151001,
  "metricas_teste": {
    "mse": 92.43677485461635,
    "rmse": 9.614404550184913,
    "mae": 9.410973047469728,
    "r2": 0.6917861398848566,
    "mape": 357.10807899592953,
    "erro_maximo": 11.196353961080527,
    "media_residuos": -7.175810512550915,
    "desvio_residuos": 6.39879038120332,
    "p_shapiro": 9.103401844625542e-05,
    "residuos_normais": false
  },
  "nomes_caracteristicas": [
    "Density",
    "Pour_Point",
    "Wax",
    "Asphaltene",
    "Viscosity_20C"
  ],
  "variaveis_removidas": [],
  "atipicos_detectados": 0,
  "num_tentativas": 500,
  "info_conjunto_dados": {
    "total_amostras": 103,
    "amostras_desenvolvimento": 93,
    "amostras_teste": 10,
    "num_caracteristicas": 5
  }
}