{
  "loss": [
    15.372137069702148,
    3.7539525032043457,
    4.4881086349487305,
    1.2639155387878418,
    0.9390558004379272,
    0.31771188974380493,
    0.2158450484275818,
    0.17201898992061615,
    0.16939392685890198,
    0.2748681306838989,
    0.2909369468688965,
    0.10718877613544464,
    0.09945119917392731,
    0.13075275719165802,
    0.08472489565610886,
    0.09299293905496597,
    0.08708923310041428,
    0.1137705147266388,
    0.11379370093345642,
    0.11125870048999786,
    0.11121893674135208,
    0.10441558808088303,
    0.11719430238008499,
    0.15055786073207855,
    0.15942762792110443,
    0.11343365162611008,
    0.13617515563964844,
    0.15657249093055725,
    0.15589539706707,
    0.11820769309997559,
    0.10322844237089157,
    0.07994107156991959,
    0.08802555501461029,
    0.0546383298933506,
    0.0538061186671257,
    0.07841537892818451,
    0.08152029663324356,
    0.06997250765562057,
    0.05503864586353302,
    0.05541880428791046,
    0.06481479108333588,
    0.06273201107978821,
    0.04925116151571274,
    0.05676769092679024,
    0.06353192031383514,
    0.05454566329717636,
    0.06145000830292702,
    0.0693320780992508,
    0.07552804052829742,
    0.04654838889837265,
    0.07400548458099365,
    0.05471387133002281,
    0.07429607212543488,
    0.06770728528499603,
    0.050943270325660706,
    0.051923587918281555,
    0.0729253962635994,
    0.054641298949718475,
    0.07025822252035141,
    0.07395978271961212,
    0.06352465599775314,
    0.0742337703704834,
    0.06537925451993942,
    0.055613160133361816,
    0.0669112503528595,
    0.07106941938400269,
    0.06905559450387955,
    0.05355209484696388,
    0.06492677330970764,
    0.05030430108308792,
    0.0751848965883255,
    0.05511723458766937,
    0.06547196954488754,
    0.051879484206438065,
    0.08038530498743057
  ],
  "mae": [
    2.6223948001861572,
    1.2856979370117188,
    1.126673698425293,
    0.7913020253181458,
    0.5897275805473328,
    0.43002861738204956,
    0.36504945158958435,
    0.3182571232318878,
    0.32051584124565125,
    0.3931862711906433,
    0.3597095012664795,
    0.2432415634393692,
    0.23240351676940918,
    0.24325916171073914,
    0.2072010189294815,
    0.2258124053478241,
    0.220803901553154,
    0.23708660900592804,
    0.2371104657649994,
    0.23395738005638123,
    0.2235392928123474,
    0.2365952432155609,
    0.23502083122730255,
    0.25837865471839905,
    0.249043807387352,
    0.23924221098423004,
    0.2528548836708069,
    0.2637518346309662,
    0.2654748857021332,
    0.2378794401884079,
    0.19801634550094604,
    0.19732612371444702,
    0.1972605437040329,
    0.16290289163589478,
    0.1603352278470993,
    0.1694343388080597,
    0.19622792303562164,
    0.18088826537132263,
    0.1616503745317459,
    0.16165758669376373,
    0.17106449604034424,
    0.18138965964317322,
    0.1528606116771698,
    0.16176673769950867,
    0.1768447905778885,
    0.15905678272247314,
    0.16082163155078888,
    0.17599011957645416,
    0.18461258709430695,
    0.14342674612998962,
    0.16703061759471893,
    0.1579006463289261,
    0.1777433156967163,
    0.17011262476444244,
    0.15976659953594208,
    0.15693983435630798,
    0.16946730017662048,
    0.16084827482700348,
    0.17942559719085693,
    0.17247183620929718,
    0.16285181045532227,
    0.16799138486385345,
    0.1775868684053421,
    0.15523184835910797,
    0.1819726824760437,
    0.17082123458385468,
    0.16089388728141785,
    0.15637412667274475,
    0.15003260970115662,
    0.14953157305717468,
    0.17061619460582733,
    0.1565874218940735,
    0.16559749841690063,
    0.1531776785850525,
    0.17892466485500336
  ],
  "learning_rate": [
    0.03709452226758003,
    0.03709452226758003,
    0.03709452226758003,
    0.03709452226758003,
    0.03709452226758003,
    0.03709452226758003,
    0.03709452226758003,
    0.03709452226758003,
    0.03709452226758003,
    0.03709452226758003,
    0.03709452226758003,
    0.03709452226758003,
    0.03709452226758003,
    0.03709452226758003,
    0.03709452226758003,
    0.03709452226758003,
    0.03709452226758003,
    0.03709452226758003,
    0.03709452226758003,
    0.03709452226758003,
    0.03709452226758003,
    0.03709452226758003,
    0.03709452226758003,
    0.03709452226758003,
    0.03709452226758003,
    0.03709452226758003,
    0.03709452226758003,
    0.03709452226758003,
    0.03709452226758003,
    0.03709452226758003,
    0.018547261133790016,
    0.018547261133790016,
    0.018547261133790016,
    0.018547261133790016,
    0.018547261133790016,
    0.018547261133790016,
    0.018547261133790016,
    0.018547261133790016,
    0.018547261133790016,
    0.018547261133790016,
    0.018547261133790016,
    0.018547261133790016,
    0.018547261133790016,
    0.018547261133790016,
    0.018547261133790016,
    0.018547261133790016,
    0.018547261133790016,
    0.018547261133790016,
    0.018547261133790016,
    0.018547261133790016,
    0.018547261133790016,
    0.018547261133790016,
    0.018547261133790016,
    0.018547261133790016,
    0.018547261133790016,
    0.018547261133790016,
    0.018547261133790016,
    0.018547261133790016,
    0.018547261133790016,
    0.018547261133790016,
    0.018547261133790016,
    0.018547261133790016,
    0.018547261133790016,
    0.018547261133790016,
    0.018547261133790016,
    0.009273630566895008,
    0.009273630566895008,
    0.009273630566895008,
    0.009273630566895008,
    0.009273630566895008,
    0.009273630566895008,
    0.009273630566895008,
    0.009273630566895008,
    0.009273630566895008,
    0.009273630566895008
  ]
}