{
  "melhores_parametros": {
    "tamanho_lote": 8,
    "num_camadas": 2,
    "unidades_0": 512,
    "ativacao_0": "tanh",
    "dropout_0": 0.00775117625775313,
    "batch_norm_0": false,
    "unidades_1": 128,
    "ativacao_1": "relu",
    "dropout_1": 0.033273865106612885,
    "batch_norm_1": false,
    "reg_l1": 6.3560690619094156e-06,
    "reg_l2": 1.2399557004054873e-05,
    "otimizador": "adam",
    "taxa_aprendizado": 0.0370945205376818
  },
  "melhor_pontuacao_validacao": 0.04992008022964001,
  "metricas_teste": {
    "mse": 4.161672839405752e-05,
    "rmse": 0.006451102881992933,
    "mae": 0.005043709812355757,
    "r2": 0.9764777235165712,
    "mape": 0.586701593903578,
    "erro_maximo": 0.012965019600051253,
    "media_residuos": -0.0005561894737272421,
    "desvio_residuos": 0.006427081893314612,
    "p_shapiro": 0.8023441580890522,
    "residuos_normais": true
  },
  "nomes_caracteristicas": [
    "Pour_Point",
    "Wax",
    "Asphaltene",
    "Viscosity_20C",
    "Viscosity_50C"
  ],
  "variaveis_removidas": [],
  "atipicos_detectados": 0,
  "num_tentativas": 500,
  "info_conjunto_dados": {
    "total_amostras": 103,
    "amostras_desenvolvimento": 93,
    "amostras_teste": 10,
    "num_caracteristicas": 5
  }
}