{
  "melhores_parametros": {
    "tamanho_lote": 8,
    "num_camadas": 4,
    "unidades_0": 256,
    "ativacao_0": "tanh",
    "dropout_0": 0.0006836093586974715,
    "batch_norm_0": false,
    "unidades_1": 256,
    "ativacao_1": "leaky_relu",
    "dropout_1": 0.3449515306148916,
    "batch_norm_1": false,
    "unidades_2": 512,
    "ativacao_2": "relu",
    "dropout_2": 0.23473577858465827,
    "batch_norm_2": false,
    "unidades_3": 512,
    "ativacao_3": "tanh",
    "dropout_3": 0.2880990115961165,
    "batch_norm_3": false,
    "reg_l1": 9.561459684719443e-05,
    "reg_l2": 1.4061830066690205e-06,
    "otimizador": "rmsprop",
    "taxa_aprendizado": 0.0011881067139279948
  },
  "melhor_pontuacao_validacao": 0.10275381039828062,
  "metricas_teste": {
    "mse": 0.000285356627270723,
    "rmse": 0.016892502102137594,
    "mae": 0.011040658180119487,
    "r2": 0.901132328306314,
    "mape": 1.354511452137069,
    "erro_maximo": 0.0463146517730012,
    "media_residuos": 0.0021792829583918336,
    "desvio_residuos": 0.016751338843745772,
    "p_shapiro": 0.04517674807006007,
    "residuos_normais": 