{
  "mse": 8.772837492195963,
  "rmse": 2.9618976167646247,
  "mae": 2.356083982770376,
  "r2": 0.3117505669134658,
  "mape": 66.41122731239075,
  "erro_maximo": 5.719998951464737,
  "media_residuos": -2.116878460832826,
  "desvio_residuos": 2.0716329487286127,
  "p_shapiro": 0.9320646080411715,
  "residuos_normais": true
}