{
  "mse": 15.327341035506993,
  "rmse": 3.9150148193215046,
  "mae": 3.1079703311200726,
  "r2": -0.20246542669868717,
  "mape": 78.22833321498031,
  "erro_maximo": 8.346017346668601,
  "media_residuos": -0.6774843056881344,
  "desvio_residuos": 3.855950732446314,
  "p_shapiro": 0.4261294998612939,
  "residuos_normais": true
}