{
  "hiperparametros_utilizados": {
    "otimizador": "rmsprop",
    "taxa_aprendizado": 0.015218557038587922,
    "tamanho_lote": 32,
    "camadas": [
      [
        128,
        "tanh",
        0.31632860109975486
      ],
      [
        512,
        "leakyrelu",
        0.08158012055887812
      ]
    ],
    "reg_l1": 5.223282240031189e-05,
    "reg_l2": 0.00011916931922503524
  },
  "metricas_teste": {
    "mse": 8.772837492195963,
    "rmse": 2.9618976167646247,
    "mae": 2.356083982770376,
    "r2": 0.3117505669134658,
    "mape": 66.41122731239075,
    "erro_maximo": 5.719998951464737,
    "media_residuos": -2.116878460832826,
    "desvio_residuos": 2.0716329487286127,
    "p_shapiro": 0.9320646080411715,
    "residuos_normais": true
  },
  "nomes_caracteristicas": [
    "Density",
    "Pour_Point",
    "Asphaltene",
    "Viscosity_20C",
    "Viscosity_50C"
  ],
  "info_conjunto_dados": {
    "total_amostras": 103,
    "amostras_treinamento": 93,
    "amostras_teste": 10,
    "num_caracteristicas": 5
  }
}