{
  "loss": [
    244.94317626953125,
    38.193328857421875,
    1.5186200141906738,
    1.1106747388839722,
    0.7957502007484436,
    0.7692121267318726,
    0.7821877002716064,
    0.7012273073196411,
    0.7942606806755066,
    0.7381047606468201,
    0.672186553478241,
    0.8010548949241638,
    0.6814245581626892,
    0.7294865846633911,
    0.6637698411941528,
    0.7510833144187927,
    0.8399235606193542,
    1.9845296144485474,
    0.8990219831466675,
    0.699306309223175,
    0.7063071727752686,
    0.6719650030136108,
    0.7089824676513672,
    0.9358583092689514,
    0.6516759991645813,
    0.6720600724220276,
    0.5697769522666931,
    0.6648932099342346,
    0.6441335082054138,
    0.7749006748199463,
    0.6514291167259216,
    0.6514008045196533,
    0.8059968948364258,
    0.9328064322471619,
    0.5879179239273071,
    0.6055486798286438,
    0.5109821557998657,
    0.5736266374588013,
    0.49493998289108276,
    0.6163133382797241,
    0.5448715686798096,
    0.5552092790603638,
    0.5008931756019592,
    0.6118032932281494,
    0.5037868618965149,
    0.5951991081237793,
    0.5357168316841125,
    0.49727746844291687,
    0.45527908205986023,
    0.4403074085712433,
    0.49702930450439453,
    0.4263111650943756,
    0.4597584307193756,
    0.514623761177063,
    0.4210154712200165,
    0.40885019302368164,
    0.5460569262504578,
    0.4813605546951294,
    0.46984928846359253,
    0.4857189357280731,
    0.43955180048942566,
    0.46192559599876404,
    0.44403544068336487,
    0.44737908244132996,
    0.3977658748626709,
    0.4664822518825531,
    0.46929529309272766,
    0.4064490497112274,
    0.41033217310905457,
    0.39926624298095703,
    0.42756563425064087,
    0.4244137108325958,
    0.41551560163497925,
    0.4583229124546051,
    0.44615697860717773,
    0.46857136487960815,
    0.3937704563140869,
    0.39021793007850647,
    0.3843907117843628,
    0.4321424961090088,
    0.3855160176753998,
    0.41849038004875183,
    0.4075900614261627,
    0.4095163643360138,
    0.3771393895149231,
    0.3565051853656769,
    0.35154247283935547,
    0.3825456500053406,
    0.4274284541606903
  ],
  "mae": [
    7.460435390472412,
    2.7845091819763184,
    0.8708583116531372,
    0.7233810424804688,
    0.5909335017204285,
    0.6117387413978577,
    0.5820329189300537,
    0.5566957592964172,
    0.6054672598838806,
    0.604333221912384,
    0.558174729347229,
    0.6007974147796631,
    0.549637496471405,
    0.5620200634002686,
    0.5450035333633423,
    0.6047279834747314,
    0.6480743288993835,
    0.9569631814956665,
    0.6279619932174683,
    0.5525567531585693,
    0.5859264731407166,
    0.5378096103668213,
    0.6131342649459839,
    0.6911945939064026,
    0.5741557478904724,
    0.5423840880393982,
    0.5175016522407532,
    0.5500385761260986,
    0.5305970907211304,
    0.609652042388916,
    0.552484929561615,
    0.5665433406829834,
    0.6082471013069153,
    0.7098373770713806,
    0.5296179056167603,
    0.5306767821311951,
    0.4917340874671936,
    0.5324896574020386,
    0.4916008710861206,
    0.5509524941444397,
    0.5246914625167847,
    0.5338549613952637,
    0.5329969525337219,
    0.5617663264274597,
    0.5132015347480774,
    0.5401620268821716,
    0.5173194408416748,
    0.5098487138748169,
    0.48504865169525146,
    0.46592164039611816,
    0.5006211996078491,
    0.47630298137664795,
    0.4826505184173584,
    0.5114645957946777,
    0.4905582070350647,
    0.47833874821662903,
    0.543900191783905,
    0.5041486024856567,
    0.5142104625701904,
    0.5087972283363342,
    0.48105835914611816,
    0.4961912930011749,
    0.4941381514072418,
    0.48469409346580505,
    0.46697232127189636,
    0.48671939969062805,
    0.48966747522354126,
    0.44974690675735474,
    0.47335389256477356,
    0.45525631308555603,
    0.47413766384124756,
    0.47096580266952515,
    0.4619764983654022,
    0.4751342833042145,
    0.4689766764640808,
    0.483090341091156,
    0.4640958309173584,
    0.4523906111717224,
    0.43926820158958435,
    0.48108118772506714,
    0.4376707673072815,
    0.4594145715236664,
    0.46180760860443115,
    0.4614737331867218,
    0.4543934762477875,
    0.4289131462574005,
    0.4242890477180481,
    0.4433998167514801,
    0.47108930349349976
  ],
  "learning_rate": [
    0.015218556858599186,
    0.015218556858599186,
    0.015218556858599186,
    0.015218556858599186,
    0.015218556858599186,
    0.015218556858599186,
    0.015218556858599186,
    0.015218556858599186,
    0.015218556858599186,
    0.015218556858599186,
    0.015218556858599186,
    0.015218556858599186,
    0.015218556858599186,
    0.015218556858599186,
    0.015218556858599186,
    0.015218556858599186,
    0.015218556858599186,
    0.015218556858599186,
    0.015218556858599186,
    0.015218556858599186,
    0.015218556858599186,
    0.015218556858599186,
    0.015218556858599186,
    0.007609278429299593,
    0.007609278429299593,
    0.007609278429299593,
    0.007609278429299593,
    0.007609278429299593,
    0.007609278429299593,
    0.007609278429299593,
    0.007609278429299593,
    0.007609278429299593,
    0.007609278429299593,
    0.007609278429299593,
    0.007609278429299593,
    0.0038046392146497965,
    0.0038046392146497965,
    0.0038046392146497965,
    0.0038046392146497965,
    0.0038046392146497965,
    0.0038046392146497965,
    0.0038046392146497965,
    0.0038046392146497965,
    0.0038046392146497965,
    0.0038046392146497965,
    0.0038046392146497965,
    0.0038046392146497965,
    0.0019023196073248982,
    0.0019023196073248982,
    0.0019023196073248982,
    0.0019023196073248982,
    0.0019023196073248982,
    0.0019023196073248982,
    0.0019023196073248982,
    0.0019023196073248982,
    0.0019023196073248982,
    0.0019023196073248982,
    0.0019023196073248982,
    0.0019023196073248982,
    0.0019023196073248982,
    0.0019023196073248982,
    0.0019023196073248982,
    0.0019023196073248982,
    0.0019023196073248982,
    0.0009511598036624491,
    0.0009511598036624491,
    0.0009511598036624491,
    0.0009511598036624491,
    0.0009511598036624491,
    0.0009511598036624491,
    0.0009511598036624491,
    0.0009511598036624491,
    0.0009511598036624491,
    0.00047557990183122456,
    0.00047557990183122456,
    0.00047557990183122456,
    0.00047557990183122456,
    0.00047557990183122456,
    0.00047557990183122456,
    0.00047557990183122456,
    0.00047557990183122456,
    0.00047557990183122456,
    0.00047557990183122456,
    0.00047557990183122456,
    0.00047557990183122456,
    0.00047557990183122456,
    0.00047557990183122456,
    0.00047557990183122456,
    0.00047557990183122456
  ]
}