{
  "mse": 474.9586716287381,
  "rmse": 21.793546559216516,
  "mae": 19.514323789984026,
  "r2": 0.30978842370516935,
  "mape": 112.38672463455259,
  "erro_maximo": 43.1095580545324,
  "media_residuos": 3.534833543389997,
  "desvio_residuos": 21.50496741335041,
  "p_shapiro": 0.046780145284747915,
  "residuos_normais": false
}