{
  "loss": [
    0.8958447575569153,
    0.6819457411766052,
    0.7690534591674805,
    0.6413000226020813,
    0.7210952639579773,
    0.7392839193344116,
    0.6851372122764587,
    0.6377727389335632,
    0.5816730856895447,
    0.6299458742141724,
    0.7334962487220764,
    0.649070143699646,
    0.5630218386650085,
    0.7364757657051086,
    0.6430850028991699,
    0.6825803518295288,
    0.5729502439498901,
    0.63669353723526,
    0.5993799567222595,
    0.638366162776947,
    0.6286291480064392,
    0.5905987024307251,
    0.76878821849823,
    0.6041226983070374,
    0.6413969397544861,
    0.7022037506103516,
    0.6764107346534729,
    0.6075662970542908
  ],
  "mae": [
    0.751419723033905,
    0.6622343063354492,
    0.7035400867462158,
    0.6563977003097534,
    0.6503742933273315,
    0.6565830707550049,
    0.6671922206878662,
    0.6402392387390137,
    0.6301127672195435,
    0.6351069808006287,
    0.6859975457191467,
    0.6440203189849854,
    0.6129342317581177,
    0.6675868034362793,
    0.6512265801429749,
    0.630789041519165,
    0.6090038418769836,
    0.63343745470047,
    0.6205988526344299,
    0.6395915150642395,
    0.6501644253730774,
    0.6147351264953613,
    0.6731418967247009,
    0.6324109435081482,
    0.6329635977745056,
    0.6495485305786133,
    0.6419259905815125,
    0.632904052734375
  ],
  "learning_rate": [
    0.0009368323953822255,
    0.0009368323953822255,
    0.0009368323953822255,
    0.0009368323953822255,
    0.0009368323953822255,
    0.0009368323953822255,
    0.0009368323953822255,
    0.0009368323953822255,
    0.0009368323953822255,
    0.0009368323953822255,
    0.0009368323953822255,
    0.0009368323953822255,
    0.0009368323953822255,
    0.0009368323953822255,
    0.0009368323953822255,
    0.0009368323953822255,
    0.0009368323953822255,
    0.0009368323953822255,
    0.0009368323953822255,
    0.0009368323953822255,
    0.0009368323953822255,
    0.00046841619769111276,
    0.00046841619769111276,
    0.00046841619769111276,
    0.00046841619769111276,
    0.00046841619769111276,
    0.00046841619769111276,
    0.00046841619769111276
  ]
}