{
  "melhores_parametros": {
    "tamanho_lote": 32,
    "num_camadas": 2,
    "unidades_0": 512,
    "ativacao_0": "relu",
    "dropout_0": 0.03332736826621852,
    "batch_norm_0": false,
    "unidades_1": 256,
    "ativacao_1": "tanh",
    "dropout_1": 0.3823054650868597,
    "batch_norm_1": false,
    "reg_l1": 1.1732750655683321e-06,
    "reg_l2": 6.187908737771573e-05,
    "otimizador": "adam",
    "taxa_aprendizado": 0.0009368323927352315
  },
  "melhor_pontuacao_validacao": 0.5492057204246521,
  "metricas_teste": {
    "mse": 451.8133456999941,
    "rmse": 21.25590143230802,
    "mae": 19.194953997045793,
    "r2": 0.343423291004999,
    "mape": 123.36157248951471,
    "erro_maximo": 35.09597010287224,
    "media_residuos": 6.795299642175396,
    "desvio_residuos": 20.14043814004663,
    "p_shapiro": 0.39120421886747037,
    "residuos_normais": true
  },
  "nomes_caracteristicas": [
    "Density",
    "Wax",
    "Asphaltene",
    "Viscosity_20C",
    "Viscosity_50C"
  ],
  "variaveis_removidas": [],
  "atipicos_detectados": 0,
  "num_tentativas": 500,
  "info_conjunto_dados": {
    "total_amostras": 103,
    "amostras_desenvolvimento": 93,
    "amostras_teste": 10,
    "num_caracteristicas": 5
  }
}