{
  "melhores_parametros": {
    "tamanho_lote": 8,
    "num_camadas": 2,
    "unidades_0": 64,
    "ativacao_0": "relu",
    "dropout_0": 0.4146858779010032,
    "batch_norm_0": false,
    "unidades_1": 512,
    "ativacao_1": "tanh",
    "dropout_1": 0.10426957621736127,
    "batch_norm_1": false,
    "reg_l1": 5.675531064292804e-06,
    "reg_l2": 0.00010185794354769145,
    "otimizador": "adam",
    "taxa_aprendizado": 0.0008565999010494766
  },
  "melhor_pontuacao_validacao": 0.5763275057077408,
  "metricas_teste": {
    "mse": 551.7272979386697,
    "rmse": 23.488876046730496,
    "mae": 21.40853374710683,
    "r2": 0.19822799173397487,
    "mape": Infinity,
    "erro_maximo": 39.357582041348806,
    "media_residuos": 2.9894560981690494,
    "desvio_residuos": 23.29786363973722,
    "p_shapiro": 0.029876268536514285,
    "residuos_normais": 