{
  "loss": [
    8.348470687866211,
    1.0211520195007324,
    0.9969545602798462,
    0.7994410991668701,
    0.6363809704780579,
    0.6333783268928528,
    0.4372580647468567,
    0.4018390476703644,
    0.4379159212112427,
    0.3422144949436188,
    0.2732158303260803,
    0.2671429216861725,
    0.27757740020751953,
    0.38707828521728516,
    0.3566475808620453,
    0.3333016633987427,
    0.4183180332183838,
    0.2886779010295868,
    0.3361215591430664,
    0.5226237177848816,
    0.33307087421417236,
    0.34476834535598755,
    0.21095559000968933,
    0.277895450592041,
    0.25553596019744873,
    0.21628722548484802,
    0.2127571702003479,
    0.39325499534606934,
    0.2431904524564743,
    0.23590953648090363,
    0.18587446212768555,
    0.22565439343452454,
    0.175489142537117,
    0.13162562251091003,
    0.11546698212623596,
    0.09609045088291168,
    0.07963819056749344,
    0.06112978607416153,
    0.08351195603609085,
    0.246687114238739,
    0.13268452882766724,
    0.08951849490404129,
    0.07578904926776886,
    0.09770191460847855,
    0.13233992457389832,
    0.09836990386247635,
    0.08168616145849228,
    0.06017635017633438,
    0.08383899927139282,
    0.059041578322649,
    0.12953318655490875,
    0.08485984057188034,
    0.07256870716810226,
    0.0823637992143631,
    0.09754610806703568,
    0.10052749514579773,
    0.08351580053567886,
    0.06240161135792732,
    0.06721766293048859,
    0.05013742297887802,
    0.04674315080046654,
    0.07448191940784454,
    0.04934258013963699,
    0.0421697199344635,
    0.05076757073402405,
    0.05790015682578087,
    0.11500676721334457,
    0.14146015048027039,
    0.09786009043455124,
    0.045242175459861755,
    0.14044882357120514,
    0.04445895180106163,
    0.04412681981921196,
    0.05716502666473389,
    0.07021133601665497,
    0.13162709772586823,
    0.04621567949652672,
    0.03786647692322731,
    0.12990155816078186,
    0.18322870135307312,
    0.05566590279340744,
    0.03860935941338539,
    0.04347486048936844,
    0.062494903802871704,
    0.043794211000204086,
    0.05741037428379059,
    0.06609231978654861,
    0.05602223053574562,
    0.05736541748046875,
    0.03814532607793808,
    0.03954382613301277,
    0.05750653147697449,
    0.05632386729121208
  ],
  "mae": [
    1.8985835313796997,
    0.7811799645423889,
    0.7317468523979187,
    0.6414633393287659,
    0.5704641938209534,
    0.5735478401184082,
    0.4529639184474945,
    0.4325166940689087,
    0.43806925415992737,
    0.36973756551742554,
    0.34289175271987915,
    0.3561980426311493,
    0.381551593542099,
    0.4658004641532898,
    0.4554079473018646,
    0.42565852403640747,
    0.4657551348209381,
    0.3906823396682739,
    0.4468521177768707,
    0.5545817017555237,
    0.4194480776786804,
    0.36981233954429626,
    0.29463300108909607,
    0.33814066648483276,
    0.3249087631702423,
    0.3383239507675171,
    0.34485727548599243,
    0.41438138484954834,
    0.3260648548603058,
    0.34783533215522766,
    0.34901362657546997,
    0.32455965876579285,
    0.2875058650970459,
    0.26220929622650146,
    0.22827093303203583,
    0.22622986137866974,
    0.19905328750610352,
    0.17609821259975433,
    0.2030453085899353,
    0.26388487219810486,
    0.2129959613084793,
    0.19689160585403442,
    0.1952429711818695,
    0.21862514317035675,
    0.24345839023590088,
    0.22187134623527527,
    0.20000076293945312,
    0.17513638734817505,
    0.1823890507221222,
    0.1732061207294464,
    0.20324596762657166,
    0.17351165413856506,
    0.20184123516082764,
    0.19515560567378998,
    0.1796620637178421,
    0.18407128751277924,
    0.1985750049352646,
    0.1668223887681961,
    0.1784272938966751,
    0.15683186054229736,
    0.1532835215330124,
    0.16254295408725739,
    0.1584332436323166,
    0.14557984471321106,
    0.1494598239660263,
    0.14928823709487915,
    0.1801716387271881,
    0.19396138191223145,
    0.16909343004226685,
    0.15080061554908752,
    0.19875194132328033,
    0.14675596356391907,
    0.14326471090316772,
    0.15596012771129608,
    0.15770292282104492,
    0.18203043937683105,
    0.15499001741409302,
    0.1376597136259079,
    0.18189109861850739,
    0.1950991004705429,
    0.16165469586849213,
    0.1394485980272293,
    0.1498115211725235,
    0.16490226984024048,
    0.14282433688640594,
    0.1624491661787033,
    0.15005512535572052,
    0.16455352306365967,
    0.15294191241264343,
    0.13379152119159698,
    0.13670451939105988,
    0.15677735209465027,
    0.15377801656723022
  ],
  "learning_rate": [
    0.03709452226758003,
    0.03709452226758003,
    0.03709452226758003,
    0.03709452226758003,
    0.03709452226758003,
    0.03709452226758003,
    0.03709452226758003,
    0.03709452226758003,
    0.03709452226758003,
    0.03709452226758003,
    0.03709452226758003,
    0.03709452226758003,
    0.03709452226758003,
    0.03709452226758003,
    0.03709452226758003,
    0.03709452226758003,
    0.03709452226758003,
    0.03709452226758003,
    0.03709452226758003,
    0.03709452226758003,
    0.018547261133790016,
    0.018547261133790016,
    0.018547261133790016,
    0.018547261133790016,
    0.018547261133790016,
    0.018547261133790016,
    0.018547261133790016,
    0.018547261133790016,
    0.018547261133790016,
    0.018547261133790016,
    0.018547261133790016,
    0.018547261133790016,
    0.018547261133790016,
    0.018547261133790016,
    0.018547261133790016,
    0.018547261133790016,
    0.018547261133790016,
    0.018547261133790016,
    0.018547261133790016,
    0.018547261133790016,
    0.018547261133790016,
    0.018547261133790016,
    0.018547261133790016,
    0.018547261133790016,
    0.018547261133790016,
    0.018547261133790016,
    0.009273630566895008,
    0.009273630566895008,
    0.009273630566895008,
    0.009273630566895008,
    0.009273630566895008,
    0.009273630566895008,
    0.009273630566895008,
    0.009273630566895008,
    0.009273630566895008,
    0.009273630566895008,
    0.009273630566895008,
    0.009273630566895008,
    0.004636815283447504,
    0.004636815283447504,
    0.004636815283447504,
    0.004636815283447504,
    0.004636815283447504,
    0.004636815283447504,
    0.004636815283447504,
    0.004636815283447504,
    0.004636815283447504,
    0.004636815283447504,
    0.004636815283447504,
    0.004636815283447504,
    0.004636815283447504,
    0.004636815283447504,
    0.002318407641723752,
    0.002318407641723752,
    0.002318407641723752,
    0.002318407641723752,
    0.002318407641723752,
    0.002318407641723752,
    0.002318407641723752,
    0.002318407641723752,
    0.002318407641723752,
    0.002318407641723752,
    0.002318407641723752,
    0.002318407641723752,
    0.002318407641723752,
    0.002318407641723752,
    0.001159203820861876,
    0.001159203820861876,
    0.001159203820861876,
    0.001159203820861876,
    0.001159203820861876,
    0.001159203820861876,
    0.001159203820861876
  ]
}