{
  "mse": 0.00011419744598777643,
  "rmse": 0.010686320507442046,
  "mae": 0.008364896228297392,
  "r2": 0.9354542271369545,
  "mape": 0.9802292640828133,
  "erro_maximo": 0.025236066238540023,
  "media_residuos": 0.0028591566719026406,
  "desvio_residuos": 0.01029673099159588,
  "p_shapiro": 0.6579825933094409,
  "residuos_normais": true
}