{
  "melhores_parametros": {
    "tamanho_lote": 16,
    "num_camadas": 3,
    "unidades_0": 512,
    "ativacao_0": "tanh",
    "dropout_0": 0.39901443783123663,
    "batch_norm_0": false,
    "unidades_1": 512,
    "ativacao_1": "relu",
    "dropout_1": 0.09655177191696303,
    "batch_norm_1": false,
    "unidades_2": 256,
    "ativacao_2": "relu",
    "dropout_2": 0.18239033631836832,
    "batch_norm_2": false,
    "reg_l1": 6.040250042724104e-06,
    "reg_l2": 0.00013982551837145722,
    "otimizador": "rmsprop",
    "taxa_aprendizado": 0.002558220667190468
  },
  "melhor_pontuacao_validacao": 0.4468308657407761,
  "metricas_teste": {
    "mse": 13.560118515468636,
    "rmse": 3.6824066200609398,
    "mae": 3.077147091430078,
    "r2": -0.013186442778924556,
    "mape": 79.77350604753742,
    "erro_maximo": 7.105709075927734,
    "media_residuos": -0.529330525157413,
    "desvio_residuos": 3.644163513154317,
    "p_shapiro": 0.49701185256760655,
    "residuos_normais": 