{
  "melhores_parametros": {
    "tamanho_lote": 32,
    "num_camadas": 2,
    "unidades_0": 128,
    "ativacao_0": "tanh",
    "dropout_0": 0.31632860109975486,
    "batch_norm_0": false,
    "unidades_1": 512,
    "ativacao_1": "leaky_relu",
    "dropout_1": 0.08158012055887812,
    "batch_norm_1": false,
    "reg_l1": 5.223282240031189e-05,
    "reg_l2": 0.00011916931922503524,
    "otimizador": "rmsprop",
    "taxa_aprendizado": 0.015218557038587922
  },
  "melhor_pontuacao_validacao": 0.5868910014629364,
  "metricas_teste": {
    "mse": 9.984469709670387,
    "rmse": 3.159821151532217,
    "mae": 2.447189131767817,
    "r2": 0.21669521138819048,
    "mape": 61.63553196705382,
    "erro_maximo": 6.339802380114639,
    "media_residuos": -2.3016287078344737,
    "desvio_residuos": 2.1649422627272528,
    "p_shapiro": 0.5657637766872269,
    "residuos_normais": true
  },
  "nomes_caracteristicas": [
    "Density",
    "Pour_Point",
    "Asphaltene",
    "Viscosity_20C",
    "Viscosity_50C"
  ],
  "variaveis_removidas": [],
  "atipicos_detectados": 0,
  "num_tentativas": 500,
  "info_conjunto_dados": {
    "total_amostras": 103,
    "amostras_desenvolvimento": 93,
    "amostras_teste": 10,
    "num_caracteristicas": 5
  }
}