{
  "mse": 26.573445826035584,
  "rmse": 5.15494382375168,
  "mae": 4.577105664052766,
  "r2": 0.9113956071327164,
  "mape": 170.32257299791428,
  "erro_maximo": 9.203712022986439,
  "media_residuos": -3.933797081955517,
  "desvio_residuos": 3.3314690969651584,
  "p_shapiro": 0.8128886144498468,
  "residuos_normais": true
}