{
  "mse": 301.9145240664008,
  "rmse": 17.375687729307316,
  "mae": 11.416324590896242,
  "r2": -0.0066798742566098745,
  "mape": 315.9782075142418,
  "erro_maximo": 50.004602385592605,
  "media_residuos": -1.415404113777721,
  "desvio_residuos": 17.317943159079313,
  "p_shapiro": 3.1760893656133097e-06,
  "residuos_normais": false
}