{
  "hiperparametros_utilizados": {
    "otimizador": "rmsprop",
    "taxa_aprendizado": 0.04316747384224007,
    "tamanho_lote": 32,
    "camadas": [
      [
        64,
        "leakyrelu",
        0.1170434889383446
      ],
      [
        32,
        "relu",
        0.3912906794861852
      ]
    ],
    "reg_l1": 7.57472071885502e-06,
    "reg_l2": 1.9660467736409024e-05
  },
  "metricas_teste": {
    "mse": 26.573445826035584,
    "rmse": 5.15494382375168,
    "mae": 4.577105664052766,
    "r2": 0.9113956071327164,
    "mape": 170.32257299791428,
    "erro_maximo": 9.203712022986439,
    "media_residuos": -3.933797081955517,
    "desvio_residuos": 3.3314690969651584,
    "p_shapiro": 0.8128886144498468,
    "residuos_normais": true
  },
  "nomes_caracteristicas": [
    "Density",
    "Pour_Point",
    "Wax",
    "Asphaltene",
    "Viscosity_20C"
  ],
  "info_conjunto_dados": {
    "total_amostras": 103,
    "amostras_treinamento": 93,
    "amostras_teste": 10,
    "num_caracteristicas": 5
  }
}