{
  "loss": [
    3883.922119140625,
    14431.1064453125,
    3853.047119140625,
    5096.662109375,
    15416.0,
    4339.77099609375,
    5003.1982421875,
    108490.3359375,
    9618.65625,
    9052.1083984375,
    59878.1015625,
    9765.341796875,
    6306.69287109375,
    4247.92138671875,
    1528.89013671875,
    10383.2998046875,
    5135.671875,
    5286.89697265625,
    34119.96875,
    3402.735107421875,
    2747.97216796875,
    472.38568115234375,
    671.1028442382812,
    377.86407470703125,
    334.3828430175781,
    232.16433715820312,
    533.4441528320312,
    4079.6279296875,
    105.14703369140625,
    25.50048065185547,
    472.14935302734375,
    49.786685943603516,
    4187.87451171875,
    2506.80908203125,
    475.9199523925781,
    584.2244873046875,
    1509.361083984375,
    4189.869140625,
    183.1502685546875,
    192.5108642578125,
    622.4447021484375,
    769.1680297851562,
    520.9428100585938,
    2801.143798828125,
    67.5851821899414
  ],
  "mae": [
    19.45426368713379,
    22.968597412109375,
    16.217994689941406,
    14.618857383728027,
    25.480239868164062,
    18.912330627441406,
    17.693992614746094,
    70.88569641113281,
    32.18518829345703,
    23.252349853515625,
    44.8256950378418,
    22.952159881591797,
    21.000276565551758,
    13.75391960144043,
    11.107505798339844,
    21.05665397644043,
    15.707042694091797,
    12.505008697509766,
    22.036197662353516,
    10.514254570007324,
    9.901534080505371,
    5.366312503814697,
    5.924350738525391,
    5.853662014007568,
    5.468250274658203,
    4.990086555480957,
    4.2268900871276855,
    8.157444953918457,
    2.3304696083068848,
    1.7294023036956787,
    3.828409194946289,
    2.2769417762756348,
    8.49748420715332,
    8.905865669250488,
    3.706695795059204,
    4.786429405212402,
    7.593844413757324,
    15.581156730651855,
    4.379169464111328,
    4.344460964202881,
    4.437285900115967,
    6.48020601272583,
    5.324141502380371,
    7.534177780151367,
    1.8910294771194458
  ],
  "learning_rate": [
    0.06575533002614975,
    0.06575533002614975,
    0.06575533002614975,
    0.06575533002614975,
    0.06575533002614975,
    0.06575533002614975,
    0.06575533002614975,
    0.06575533002614975,
    0.06575533002614975,
    0.06575533002614975,
    0.06575533002614975,
    0.032877665013074875,
    0.032877665013074875,
    0.032877665013074875,
    0.032877665013074875,
    0.032877665013074875,
    0.032877665013074875,
    0.032877665013074875,
    0.032877665013074875,
    0.032877665013074875,
    0.032877665013074875,
    0.032877665013074875,
    0.032877665013074875,
    0.032877665013074875,
    0.032877665013074875,
    0.032877665013074875,
    0.032877665013074875,
    0.032877665013074875,
    0.032877665013074875,
    0.032877665013074875,
    0.032877665013074875,
    0.032877665013074875,
    0.032877665013074875,
    0.032877665013074875,
    0.032877665013074875,
    0.032877665013074875,
    0.032877665013074875,
    0.032877665013074875,
    0.016438832506537437,
    0.016438832506537437,
    0.016438832506537437,
    0.016438832506537437,
    0.016438832506537437,
    0.016438832506537437,
    0.016438832506537437
  ]
}