{
  "loss": [
    294.0919494628906,
    132.20281982421875,
    3.170367479324341,
    1.1045056581497192,
    1.502518892288208,
    1.03086256980896,
    0.8258529305458069,
    0.954934298992157,
    0.980745792388916,
    1.0990341901779175,
    0.967633068561554,
    0.9684463143348694,
    1.5513712167739868,
    1.1281192302703857,
    0.9621720910072327,
    0.6276116371154785,
    0.9852866530418396,
    0.9319229125976562,
    0.9501732587814331,
    0.7158624529838562,
    0.7275129556655884,
    0.4109412431716919,
    1.6399471759796143,
    0.9581512212753296,
    0.9390078186988831,
    0.4102139174938202,
    0.3467465341091156,
    0.960122287273407,
    0.9327880144119263,
    0.9133741855621338,
    0.9353967308998108,
    0.9125795960426331,
    0.9188650846481323,
    1.3469761610031128,
    0.6850572228431702,
    0.454723060131073,
    0.11113164573907852,
    0.2789055407047272,
    0.9597130417823792,
    0.22518564760684967,
    0.930185854434967,
    0.9231427311897278,
    0.9158682823181152,
    0.3588878810405731,
    0.9907335638999939,
    0.9522573947906494,
    0.9027178287506104,
    1.3658723831176758,
    0.8978894352912903,
    0.905266284942627,
    0.8855053186416626,
    0.25972071290016174
  ],
  "mae": [
    5.345799446105957,
    2.5348010063171387,
    0.7431669235229492,
    0.41897496581077576,
    0.4259093999862671,
    0.36146634817123413,
    0.3034791350364685,
    0.29981529712677,
    0.31777423620224,
    0.3696134090423584,
    0.2905134856700897,
    0.3090647757053375,
    0.35757601261138916,
    0.35307496786117554,
    0.27288681268692017,
    0.29340294003486633,
    0.2959173321723938,
    0.26272666454315186,
    0.264207124710083,
    0.28659430146217346,
    0.27137884497642517,
    0.25772538781166077,
    0.46027079224586487,
    0.2548624277114868,
    0.2354152798652649,
    0.22105959057807922,
    0.21583889424800873,
    0.2339019924402237,
    0.2180997133255005,
    0.20807717740535736,
    0.24071945250034332,
    0.23003464937210083,
    0.2569272816181183,
    0.37249755859375,
    0.2695766091346741,
    0.22854989767074585,
    0.1561923623085022,
    0.19820359349250793,
    0.23863261938095093,
    0.20029030740261078,
    0.2264138162136078,
    0.22217124700546265,
    0.21939092874526978,
    0.202070415019989,
    0.2665459215641022,
    0.24841096997261047,
    0.2145640105009079,
    0.24916598200798035,
    0.21545274555683136,
    0.21269167959690094,
    0.2003459483385086,
    0.17658889293670654
  ],
  "learning_rate": [
    0.04316747561097145,
    0.04316747561097145,
    0.04316747561097145,
    0.04316747561097145,
    0.04316747561097145,
    0.04316747561097145,
    0.04316747561097145,
    0.04316747561097145,
    0.04316747561097145,
    0.04316747561097145,
    0.04316747561097145,
    0.04316747561097145,
    0.04316747561097145,
    0.04316747561097145,
    0.04316747561097145,
    0.021583737805485725,
    0.021583737805485725,
    0.021583737805485725,
    0.021583737805485725,
    0.021583737805485725,
    0.021583737805485725,
    0.021583737805485725,
    0.021583737805485725,
    0.021583737805485725,
    0.021583737805485725,
    0.021583737805485725,
    0.021583737805485725,
    0.021583737805485725,
    0.021583737805485725,
    0.021583737805485725,
    0.021583737805485725,
    0.021583737805485725,
    0.021583737805485725,
    0.021583737805485725,
    0.021583737805485725,
    0.010791868902742863,
    0.010791868902742863,
    0.010791868902742863,
    0.010791868902742863,
    0.010791868902742863,
    0.010791868902742863,
    0.010791868902742863,
    0.010791868902742863,
    0.010791868902742863,
    0.010791868902742863,
    0.005395934451371431,
    0.005395934451371431,
    0.005395934451371431,
    0.005395934451371431,
    0.005395934451371431,
    0.005395934451371431,
    0.005395934451371431
  ]
}