{
  "loss": [
    53.965797424316406,
    1.0353745222091675,
    0.27287083864212036,
    1.0082341432571411,
    0.9361659288406372,
    0.3012937009334564,
    0.8504661917686462,
    0.382718563079834,
    0.08042589575052261,
    0.11253119260072708,
    0.14056946337223053,
    0.7184424996376038,
    0.16390255093574524,
    0.1323384791612625,
    0.3146938979625702,
    0.31428951025009155,
    0.6829180717468262,
    0.0995909571647644,
    0.019682714715600014,
    0.03691134229302406,
    0.1929403692483902,
    0.09928695857524872,
    0.2227087765932083,
    0.508539080619812,
    0.6247727274894714,
    0.5564207434654236,
    0.10474174469709396,
    0.1591094583272934,
    0.13784463703632355,
    0.6454234719276428,
    0.06879311054944992,
    0.0971861481666565,
    0.3962061107158661,
    0.046552494168281555,
    0.1288621574640274,
    0.1014246717095375,
    0.2225762903690338,
    0.24885423481464386,
    0.2475239783525467,
    0.17328648269176483,
    0.040986884385347366,
    0.07084593921899796,
    0.034650467336177826,
    0.2231643795967102
  ],
  "mae": [
    3.4019834995269775,
    0.5928407311439514,
    0.28847867250442505,
    0.4127362072467804,
    0.4141703248023987,
    0.2632405161857605,
    0.3352104425430298,
    0.2733127772808075,
    0.17122842371463776,
    0.19939015805721283,
    0.18142922222614288,
    0.27942001819610596,
    0.2354368418455124,
    0.1817770153284073,
    0.24009975790977478,
    0.1985311657190323,
    0.29655900597572327,
    0.2187330424785614,
    0.1050037145614624,
    0.1180984303355217,
    0.18418650329113007,
    0.14369328320026398,
    0.14405423402786255,
    0.2561297118663788,
    0.30939623713493347,
    0.3254261612892151,
    0.19518040120601654,
    0.17251498997211456,
    0.17954035103321075,
    0.2316485196352005,
    0.14089567959308624,
    0.15228746831417084,
    0.22407293319702148,
    0.11932171881198883,
    0.13126464188098907,
    0.11049256473779678,
    0.12486277520656586,
    0.14972563087940216,
    0.15698739886283875,
    0.1449805498123169,
    0.07066112756729126,
    0.09347034990787506,
    0.0848660096526146,
    0.150309219956398
  ],
  "learning_rate": [
    0.0068168058060109615,
    0.0068168058060109615,
    0.0068168058060109615,
    0.0068168058060109615,
    0.0068168058060109615,
    0.0068168058060109615,
    0.0068168058060109615,
    0.0068168058060109615,
    0.0068168058060109615,
    0.0068168058060109615,
    0.0068168058060109615,
    0.0068168058060109615,
    0.0068168058060109615,
    0.0068168058060109615,
    0.0068168058060109615,
    0.0068168058060109615,
    0.0068168058060109615,
    0.0068168058060109615,
    0.0068168058060109615,
    0.0068168058060109615,
    0.0068168058060109615,
    0.0068168058060109615,
    0.0068168058060109615,
    0.0068168058060109615,
    0.0068168058060109615,
    0.0068168058060109615,
    0.0068168058060109615,
    0.0068168058060109615,
    0.0068168058060109615,
    0.0068168058060109615,
    0.0068168058060109615,
    0.0068168058060109615,
    0.0068168058060109615,
    0.0068168058060109615,
    0.0034084029030054808,
    0.0034084029030054808,
    0.0034084029030054808,
    0.0034084029030054808,
    0.0034084029030054808,
    0.0034084029030054808,
    0.0034084029030054808,
    0.0034084029030054808,
    0.0034084029030054808,
    0.0034084029030054808
  ]
}