{
  "loss": [
    136.8848114013672,
    36.86232376098633,
    74.82758331298828,
    95.25921630859375,
    164.98802185058594,
    175.8289031982422,
    26.93172264099121,
    40.14002227783203,
    220.2314910888672,
    52.10165023803711,
    125.69115447998047,
    325.7646484375,
    137.20053100585938,
    3.749110698699951,
    178.43865966796875,
    229.15574645996094,
    366.47589111328125,
    539.5588989257812,
    86.88590240478516,
    26.93000030517578,
    675.6270141601562,
    81.1524429321289,
    298.9815979003906,
    683.155029296875,
    5.510513782501221,
    28.122657775878906,
    11.81319808959961,
    98.3249740600586,
    107.8619155883789,
    254.8543701171875,
    65.43724060058594,
    347.38079833984375,
    59.4091796875,
    2.6917505264282227,
    4.812749862670898,
    1.236318826675415,
    2.0181779861450195,
    2.360840082168579,
    1.4149079322814941,
    3.985802412033081,
    0.9793099164962769,
    2.801541328430176,
    1.2688870429992676,
    0.9658432602882385,
    2.4687411785125732,
    1.5044283866882324,
    0.479003369808197,
    1.7189421653747559,
    1.2205049991607666,
    1.6950600147247314,
    1.1740326881408691,
    1.722909927368164,
    0.6105929017066956,
    1.118743658065796,
    1.0712465047836304,
    1.6325160264968872,
    1.3132423162460327,
    0.46024221181869507,
    1.1204091310501099,
    0.8550781607627869,
    0.7500103116035461,
    0.8124825358390808,
    0.7148095369338989,
    1.2033257484436035,
    0.4127696454524994,
    0.9464762806892395,
    0.9838762879371643,
    0.9907367825508118,
    1.175929307937622,
    1.1651239395141602,
    0.5346623659133911,
    0.7500221729278564,
    0.8580053448677063,
    0.6621619462966919,
    0.7472941875457764,
    0.7118767499923706,
    0.8197606205940247,
    0.6591475009918213,
    0.6858150362968445,
    0.9697471261024475,
    0.7683371305465698,
    0.47281044721603394,
    0.6420011520385742,
    0.5072754621505737,
    0.7145268321037292,
    0.6249619722366333,
    0.7595031261444092,
    0.6769696474075317,
    0.6893463730812073,
    0.47007325291633606
  ],
  "mae": [
    2.8346807956695557,
    1.6348978281021118,
    2.657602071762085,
    2.734100103378296,
    3.2469429969787598,
    3.0702645778656006,
    1.741249680519104,
    1.7388391494750977,
    3.0481185913085938,
    1.8028961420059204,
    2.757148265838623,
    3.6279618740081787,
    2.446993827819824,
    1.003348469734192,
    3.781106948852539,
    4.507969856262207,
    4.476649761199951,
    5.892149448394775,
    2.6713707447052,
    1.569502353668213,
    3.95766282081604,
    2.589289426803589,
    3.5534613132476807,
    3.624217987060547,
    1.2153751850128174,
    1.9581739902496338,
    1.3735052347183228,
    2.8490793704986572,
    2.821521282196045,
    3.237104892730713,
    2.117807149887085,
    2.766383409500122,
    1.5294948816299438,
    0.7394734025001526,
    0.8398537635803223,
    0.6182250380516052,
    0.659690260887146,
    0.7278741598129272,
    0.6011363863945007,
    0.7948558926582336,
    0.5297955870628357,
    0.7370041012763977,
    0.6190388202667236,
    0.533507764339447,
    0.7021331191062927,
    0.6512024998664856,
    0.45926037430763245,
    0.633034884929657,
    0.6042196750640869,
    0.6306219696998596,
    0.5567328929901123,
    0.6018157005310059,
    0.47559234499931335,
    0.5526821613311768,
    0.5397626161575317,
    0.5838817358016968,
    0.5952985286712646,
    0.4206489622592926,
    0.5268524885177612,
    0.5292782783508301,
    0.4852595925331116,
    0.4852377772331238,
    0.47307687997817993,
    0.5589094161987305,
    0.435760498046875,
    0.5250759720802307,
    0.5348103046417236,
    0.5134398937225342,
    0.5396090149879456,
    0.5615910291671753,
    0.42443782091140747,
    0.49926018714904785,
    0.48892781138420105,
    0.4667544662952423,
    0.4535825550556183,
    0.4919649362564087,
    0.4747962951660156,
    0.4689245820045471,
    0.48337322473526,
    0.5274169445037842,
    0.4638064503669739,
    0.4497940242290497,
    0.4324810206890106,
    0.4072665274143219,
    0.47722581028938293,
    0.4586336314678192,
    0.5185756087303162,
    0.448568195104599,
    0.47501495480537415,
    0.4277946650981903
  ],
  "learning_rate": [
    0.007999476976692677,
    0.007999476976692677,
    0.007999476976692677,
    0.007999476976692677,
    0.007999476976692677,
    0.007999476976692677,
    0.007999476976692677,
    0.007999476976692677,
    0.007999476976692677,
    0.007999476976692677,
    0.007999476976692677,
    0.007999476976692677,
    0.007999476976692677,
    0.007999476976692677,
    0.007999476976692677,
    0.007999476976692677,
    0.007999476976692677,
    0.007999476976692677,
    0.007999476976692677,
    0.007999476976692677,
    0.007999476976692677,
    0.007999476976692677,
    0.007999476976692677,
    0.007999476976692677,
    0.007999476976692677,
    0.007999476976692677,
    0.007999476976692677,
    0.007999476976692677,
    0.007999476976692677,
    0.003999738488346338,
    0.003999738488346338,
    0.003999738488346338,
    0.003999738488346338,
    0.003999738488346338,
    0.003999738488346338,
    0.003999738488346338,
    0.003999738488346338,
    0.003999738488346338,
    0.003999738488346338,
    0.003999738488346338,
    0.003999738488346338,
    0.003999738488346338,
    0.003999738488346338,
    0.003999738488346338,
    0.003999738488346338,
    0.003999738488346338,
    0.003999738488346338,
    0.003999738488346338,
    0.003999738488346338,
    0.003999738488346338,
    0.003999738488346338,
    0.003999738488346338,
    0.003999738488346338,
    0.003999738488346338,
    0.003999738488346338,
    0.003999738488346338,
    0.003999738488346338,
    0.003999738488346338,
    0.003999738488346338,
    0.003999738488346338,
    0.003999738488346338,
    0.003999738488346338,
    0.003999738488346338,
    0.003999738488346338,
    0.003999738488346338,
    0.003999738488346338,
    0.003999738488346338,
    0.003999738488346338,
    0.003999738488346338,
    0.003999738488346338,
    0.003999738488346338,
    0.003999738488346338,
    0.003999738488346338,
    0.003999738488346338,
    0.003999738488346338,
    0.003999738488346338,
    0.003999738488346338,
    0.003999738488346338,
    0.003999738488346338,
    0.003999738488346338,
    0.001999869244173169,
    0.001999869244173169,
    0.001999869244173169,
    0.001999869244173169,
    0.001999869244173169,
    0.001999869244173169,
    0.001999869244173169,
    0.001999869244173169,
    0.001999869244173169,
    0.001999869244173169
  ]
}