{
  "melhores_parametros": {
    "tamanho_lote": 8,
    "num_camadas": 2,
    "unidades_0": 256,
    "ativacao_0": "leaky_relu",
    "dropout_0": 0.04791730103645217,
    "batch_norm_0": false,
    "unidades_1": 256,
    "ativacao_1": "relu",
    "dropout_1": 0.43642140605415386,
    "batch_norm_1": false,
    "reg_l1": 1.917942625429807e-06,
    "reg_l2": 6.2541431671701574e-06,
    "otimizador": "adam",
    "taxa_aprendizado": 0.007999477028152582
  },
  "melhor_pontuacao_validacao": 0.46704061031341554,
  "metricas_teste": {
    "mse": 2.8916752056102246,
    "rmse": 1.7004926361528958,
    "mae": 0.9709623591176921,
    "r2": 0.1405631360063222,
    "mape": 650.7982247933727,
    "erro_maximo": 4.739114251451798,
    "media_residuos": 0.3435739315909109,
    "desvio_residuos": 1.6654225167030101,
    "p_shapiro": 0.0020607045246807724,
    "residuos_normais": false
  },
  "nomes_caracteristicas": [
    "Density",
    "Pour_Point",
    "Wax",
    "Viscosity_20C",
    "Viscosity_50C"
  ],
  "variaveis_removidas": [],
  "atipicos_detectados": 0,
  "num_tentativas": 500,
  "info_conjunto_dados": {
    "total_amostras": 103,
    "amostras_desenvolvimento": 93,
    "amostras_teste": 10,
    "num_caracteristicas": 5
  }
}