{
  "melhores_parametros": {
    "tamanho_lote": 16,
    "num_camadas": 2,
    "unidades_0": 128,
    "ativacao_0": "leaky_relu",
    "dropout_0": 0.28221415209509226,
    "batch_norm_0": false,
    "unidades_1": 256,
    "ativacao_1": "relu",
    "dropout_1": 0.1374385906580356,
    "batch_norm_1": false,
    "reg_l1": 4.8497904001971764e-05,
    "reg_l2": 0.00012448401445882366,
    "otimizador": "adam",
    "taxa_aprendizado": 0.002821109346785365
  },
  "melhor_pontuacao_validacao": 0.4468106240034103,
  "metricas_teste": {
    "mse": 2.02693827522191,
    "rmse": 1.423705824677946,
    "mae": 0.8361883696447885,
    "r2": 0.39757221994167347,
    "mape": 400.6185435642165,
    "erro_maximo": 3.8334807422927097,
    "media_residuos": 0.491584043749865,
    "desvio_residuos": 1.3361449783434585,
    "p_shapiro": 0.022856068682846654,
    "residuos_normais": 